Player,Pos,Tm,2P,0-3,3-10,10-16,16-3P,3P,3Corner,G,FG%,Dist.
Precious Achiuwa,C,TOR,0.564,0.734,0.406,0.286,0.2,0.269,0.25,55,0.485,9.7
Steven Adams,C,MEM,0.599,0.645,0.5,0.4,,0,0,42,0.597,2.6
Bam Adebayo,C,MIA,0.545,0.714,0.479,0.497,0.288,0.083,,75,0.54,7.3
Ochai Agbaji,SG,UTA,0.532,0.621,0.494,0.4,0.444,0.355,0.457,59,0.427,16.9
Santi Aldama,PF,MEM,0.591,0.707,0.471,0.25,0.444,0.353,0.365,77,0.47,14.6
Nickeil Alexander-Walker,SG,TOT,0.515,0.634,0.443,0.385,0.571,0.384,0.386,59,0.444,16.9
Nickeil Alexander-Walker,SG,UTA,0.578,0.65,0.524,0.4,0.818,0.402,0.381,36,0.488,16.5
Nickeil Alexander-Walker,SG,MIN,0.415,0.619,0.263,0.333,0.3,0.361,0.391,23,0.384,17.4
Grayson Allen,SG,MIL,0.518,0.67,0.345,0.4,0,0.399,0.474,72,0.44,18.7
Jarrett Allen,C,CLE,0.653,0.765,0.516,0.511,0.294,0.1,0,68,0.644,4.4
Jose Alvarado,PG,NOP,0.488,0.67,0.395,0.36,0.143,0.336,0.38,61,0.411,15.6
Kyle Anderson,PF,MIN,0.536,0.648,0.512,0.465,0.143,0.41,0.468,69,0.509,9.9
Giannis Antetokounmpo,PF,MIL,0.596,0.791,0.354,0.353,0.355,0.275,0.25,63,0.553,8.1
Thanasis Antetokounmpo,PF,MIL,0.526,0.682,0.357,0,0,0,0,37,0.435,7.7
Cole Anthony,PG,ORL,0.5,0.632,0.447,0.522,0.425,0.364,0.353,60,0.454,14.7
O.G. Anunoby,SF,TOR,0.539,0.695,0.366,0.364,0.46,0.387,0.458,67,0.476,13.5
Ryan Arcidiacono,PG,TOT,0.071,0,0.143,0,0,0.348,0,20,0.243,20.2
Ryan Arcidiacono,PG,NYK,0,0,0,,,0.333,0,11,0.2,16.9
Ryan Arcidiacono,PG,POR,0.083,,0.167,0,0,0.35,,9,0.25,20.7
Deni Avdija,SF,WAS,0.53,0.714,0.395,0.227,0.333,0.297,0.339,76,0.437,13.3
Deandre Ayton,C,PHX,0.597,0.806,0.532,0.455,0.467,0.292,,67,0.589,7.7
Udoka Azubuike,C,UTA,0.819,0.956,0.593,,,,,36,0.819,2.7
Marvin Bagley III,C,DET,0.579,0.779,0.479,0.452,0.364,0.288,0.316,42,0.529,8.8
Patrick Baldwin Jr.,SF,GSW,0.44,0.875,0.333,0,0.5,0.381,0.278,31,0.394,21.4
LaMelo Ball,PG,CHA,0.45,0.598,0.316,0.443,0.395,0.376,0.385,36,0.411,17.7
Mo Bamba,C,TOT,0.59,0.74,0.24,0.5,0.286,0.387,0.357,49,0.485,15.1
Mo Bamba,C,ORL,0.594,0.739,0.273,0.5,0.286,0.398,0.385,40,0.495,14.9
Mo Bamba,C,LAL,0.545,0.75,0,,,0.313,0,9,0.407,16.1
Paolo Banchero,PF,ORL,0.471,0.658,0.38,0.41,0.352,0.298,0.343,72,0.427,12.4
Desmond Bane,SG,MEM,0.534,0.642,0.447,0.478,0.491,0.408,0.508,58,0.479,14.8
Dalano Banton,PG,TOR,0.506,0.806,0.348,0.2,0.1,0.294,0.25,31,0.423,14.3
Dominick Barlow,PF,SAS,0.561,0.711,0.409,0.25,0.667,0,0,28,0.535,5.5
Harrison Barnes,PF,SAC,0.553,0.713,0.407,0.429,0.333,0.374,0.395,82,0.473,13.6
Scottie Barnes,SF,TOR,0.505,0.685,0.45,0.296,0.361,0.281,0.316,77,0.456,10.7
RJ Barrett,SG,NYK,0.495,0.642,0.401,0.3,0.259,0.31,0.319,73,0.434,11.5
Will Barton,SG,TOT,0.391,0.581,0.3,0.324,0.4,0.367,0.515,56,0.379,17.6
Will Barton,SG,WAS,0.395,0.576,0.3,0.308,0.464,0.377,0.48,40,0.386,17.7
Will Barton,SG,TOR,0.378,0.6,0.3,0.375,0.143,0.333,0.625,16,0.354,17
Charles Bassey,C,SAS,0.661,0.757,0.556,0.462,0.5,0.375,0,35,0.644,5.3
Keita Bates-Diop,PF,SAS,0.557,0.696,0.44,0.364,0,0.394,0.377,67,0.508,10.4
Nicolas Batum,PF,LAC,0.563,0.694,0.533,0.333,0.143,0.391,0.435,78,0.42,21.6
Darius Bazley,C,TOT,0.485,0.598,0.281,0.385,0,0.377,0.474,43,0.454,9.9
Darius Bazley,C,OKC,0.469,0.554,0.28,0.455,0,0.4,0.471,36,0.449,9.8
Darius Bazley,C,PHX,0.588,1,0.286,0,,0.25,0.5,7,0.48,10.7
Bradley Beal,SG,WAS,0.552,0.786,0.462,0.472,0.479,0.365,0.364,50,0.506,12.9
Malik Beasley,SG,TOT,0.484,0.706,0.528,0.353,0.407,0.357,0.373,81,0.395,21
Malik Beasley,SG,UTA,0.485,0.632,0.511,0.404,0.452,0.359,0.356,55,0.396,21.1
Malik Beasley,SG,LAL,0.481,0.8,0.576,0.238,0.25,0.353,0.435,26,0.392,20.7
MarJon Beauchamp,SF,MIL,0.485,0.667,0.261,0.5,0.235,0.331,0.345,52,0.395,17.5
Davis Bertans,PF,DAL,0.737,0.769,0.5,1,1,0.39,0.452,45,0.431,23.4
Patrick Beverley,SG-PG,TOT,0.529,0.636,0.446,0.5,0.75,0.335,0.35,67,0.4,18.7
Patrick Beverley,SG,LAL,0.506,0.64,0.438,0.429,0.667,0.348,0.412,45,0.402,18.6
Patrick Beverley,PG,CHI,0.579,0.632,0.471,1,1,0.309,0.241,22,0.395,18.9
Saddiq Bey,SF,TOT,0.483,0.643,0.399,0.286,0.268,0.361,0.407,77,0.422,15.6
Saddiq Bey,SF,DET,0.46,0.626,0.402,0.243,0.29,0.345,0.424,52,0.404,15.9
Saddiq Bey,SF,ATL,0.552,0.678,0.385,0.6,0.2,0.4,0.383,25,0.47,14.8
Khem Birch,C,TOR,0.6,0.833,0.467,0.5,0,0.5,0.5,20,0.594,6.5
Goga Bitadze,C,TOT,0.636,0.758,0.471,0,0,0.231,0,38,0.552,7.8
Goga Bitadze,C,IND,0.605,0.731,0.444,0,0,0.286,,21,0.519,9.5
Goga Bitadze,C,ORL,0.656,0.778,0.48,,,0.167,0,17,0.575,6.6
Bismack Biyombo,C,PHX,0.578,0.814,0.406,0.421,,,,61,0.578,4.4
Buddy Boeheim,SF,DET,0.5,,1,0,,0.16,0.273,10,0.185,24
Bogdan Bogdanovic,SG,ATL,0.506,0.642,0.567,0.475,0.345,0.406,0.392,54,0.447,18.8
Bojan Bogdanovic,PF,DET,0.539,0.685,0.487,0.537,0.406,0.411,0.419,59,0.488,15.2
Bol Bol,PF,ORL,0.633,0.871,0.492,0.471,0.303,0.265,0.185,70,0.546,10.7
Leandro Bolmaro,SF,UTA,0.188,0.2,0.143,0.5,0,0,,14,0.15,11
Devin Booker,SG,PHX,0.554,0.717,0.491,0.555,0.464,0.351,0.362,53,0.494,14.5
Brandon Boston Jr.,SF,LAC,0.419,0.724,0.154,0.4,0.333,0.414,0.2,22,0.418,12.6
Chris Boucher,PF,TOR,0.585,0.651,0.46,0.421,0.583,0.328,0.359,76,0.493,11.1
James Bouknight,SG,CHA,0.429,0.594,0.259,0.313,0.556,0.303,0.353,34,0.358,17.9
Jamaree Bouyea,PG,TOT,0.5,1,0.4,,0,0.333,,5,0.429,14.6
Jamaree Bouyea,PG,MIA,0.5,1,0.4,,0,0.4,,4,0.462,13.6
Jamaree Bouyea,PG,WAS,,,,,,0,,1,0,28.1
Tony Bradley,C,CHI,0.429,0.75,0,0,,0.6,0.5,12,0.5,12.8
Malaki Branham,SG,SAS,0.539,0.637,0.524,0.517,0.442,0.302,0.358,66,0.44,15.5
Jarrell Brantley,PF,UTA,0.8,1,0.75,,,0.444,0.333,4,0.571,18
Christian Braun,SG,DEN,0.565,0.721,0.42,0.375,0.167,0.354,0.4,76,0.495,11.4
Mikal Bridges,SF-SG,TOT,0.514,0.693,0.466,0.469,0.364,0.382,0.448,83,0.468,14.5
Mikal Bridges,SF,PHX,0.503,0.709,0.422,0.468,0.286,0.387,0.475,56,0.463,14.1
Mikal Bridges,SG,BKN,0.531,0.662,0.534,0.47,0.465,0.376,0.403,27,0.475,15.1
Oshae Brissett,PF,IND,0.457,0.558,0.277,0.4,0,0.31,0.225,65,0.386,13.9
Malcolm Brogdon,PG,BOS,0.51,0.613,0.434,0.483,0.509,0.444,0.435,67,0.484,14.4
Dillon Brooks,SF,MEM,0.451,0.635,0.362,0.453,0.282,0.326,0.361,73,0.396,15.8
Bruce Brown,SF,DEN,0.548,0.809,0.391,0.391,0.25,0.358,0.392,80,0.483,12
Greg Brown III,PF,POR,0.476,0.667,0,,0,0.143,0.333,16,0.393,9.1
Jaylen Brown,SF,BOS,0.576,0.741,0.477,0.543,0.406,0.335,0.279,67,0.491,13.6
Kendall Brown,SG,IND,0.667,1,0,1,,0,0,6,0.571,7.1
Moses Brown,C,TOT,0.635,0.7,0.48,0,,,,36,0.635,2.1
Moses Brown,C,LAC,0.635,0.7,0.48,0,,,,34,0.635,2.1
Moses Brown,C,BKN,,,,,,,,2,,
Sterling Brown,SF,LAL,0,0,,,,0,0,4,0,13.2
Troy Brown Jr.,SF,LAL,0.505,0.688,0.377,0.4,0.348,0.381,0.405,76,0.43,17.5
Jalen Brunson,PG,NYK,0.519,0.612,0.504,0.471,0.511,0.416,0.424,68,0.491,12.9
Thomas Bryant,C,TOT,0.658,0.803,0.537,0.486,0.478,0.441,0.462,59,0.623,8.4
Thomas Bryant,C,LAL,0.697,0.823,0.558,0.643,0.438,0.44,0.462,41,0.654,8.3
Thomas Bryant,C,DEN,0.492,0.682,0.444,0,0.571,0.444,,18,0.485,8.8
Reggie Bullock,SF,DAL,0.562,0.75,0.421,0.444,0.222,0.38,0.451,78,0.409,21.7
Alec Burks,SG,DET,0.459,0.65,0.409,0.464,0.4,0.414,0.49,51,0.436,17.7
Deonte Burton,PF,SAC,0,,0,,,0,0,2,0,13.8
Jared Butler,PG,OKC,0.444,0.333,0.545,0,,0.5,0,6,0.469,14.5
Jimmy Butler,PF,MIA,0.564,0.703,0.492,0.5,0.408,0.35,0.345,64,0.539,8.3
John Butler Jr.,C,POR,0.5,0.625,0.6,0,0.5,0.229,0.2,19,0.321,19
Jamal Cain,PF,MIA,0.652,0.731,0.588,0.333,,0.35,0.273,18,0.561,10.5
Kentavious Caldwell-Pope,SG,DEN,0.502,0.686,0.403,0.431,0.449,0.423,0.405,76,0.462,17.3
Facundo Campazzo,PG,DAL,0,0,0,,,0.273,1,8,0.231,22
Vlatko Cancar,PF,DEN,0.58,0.717,0.48,0.25,1,0.374,0.421,60,0.476,15.3
Clint Capela,C,ATL,0.654,0.725,0.402,0,0.5,0,,65,0.653,2.1
Vernon Carey Jr.,C,WAS,0.25,0.667,0,0,0,,,11,0.25,7.7
Jevon Carter,PG,MIL,0.425,0.538,0.237,0.431,0.437,0.421,0.436,81,0.423,19.9
Wendell Carter Jr.,C,ORL,0.624,0.85,0.473,0.452,0.349,0.356,0.449,57,0.525,13.3
Michael Carter-Williams,PG,ORL,0.455,1,0.429,0,,0.333,0,4,0.429,10.4
Alex Caruso,PG,CHI,0.556,0.699,0.281,0.4,0.4,0.364,0.405,67,0.455,15
Julian Champagnie,SF,TOT,0.542,0.636,0.438,0.5,0.5,0.402,0.429,17,0.454,17.9
Julian Champagnie,SF,PHI,0,,,,0,0,0,2,0,20.3
Julian Champagnie,SF,SAS,0.553,0.636,0.438,0.5,0.6,0.407,0.45,15,0.461,17.9
Justin Champagnie,SF,TOT,0.4,0.5,0.375,,,0.2,0,5,0.333,11.2
Justin Champagnie,SF,TOR,1,1,1,,,,,3,1,3.7
Justin Champagnie,SF,BOS,0.143,0,0.167,,,0.2,0,2,0.167,13.1
Kennedy Chandler,PG,MEM,0.485,0.633,0.367,0.333,0.5,0.133,0,36,0.422,8.7
Max Christie,SG,LAL,0.409,0.417,0.429,0.333,0.444,0.419,0.37,41,0.415,18
Josh Christopher,SG,HOU,0.55,0.685,0.537,0.452,0.3,0.236,0.235,64,0.465,11.9
Brandon Clarke,PF,MEM,0.665,0.792,0.568,0.451,0.625,0.167,0.167,56,0.656,5.1
Jordan Clarkson,SG,UTA,0.53,0.688,0.51,0.47,0.313,0.338,0.4,61,0.444,15.7
Nic Claxton,C,BKN,0.708,0.805,0.511,0.462,,0,0,76,0.705,2.7
Amir Coffey,SF,LAC,0.429,0.6,0.377,0.389,0.333,0.275,0.222,50,0.386,12.1
John Collins,PF,ATL,0.619,0.795,0.459,0.481,0.5,0.292,0.302,71,0.508,12
Zach Collins,C,SAS,0.571,0.679,0.54,0.378,0.429,0.374,0.222,63,0.518,11.1
Chance Comanche,C,POR,0.6,0.5,,,0.667,,,1,0.6,12.7
Mike Conley,PG,TOT,0.486,0.608,0.431,0.5,0.474,0.385,0.545,67,0.428,18.3
Mike Conley,PG,UTA,0.469,0.531,0.475,0.459,0.308,0.362,0.586,43,0.408,18.3
Mike Conley,PG,MIN,0.515,0.737,0.349,0.552,0.833,0.42,0.5,24,0.46,18.3
Pat Connaughton,SF,MIL,0.566,0.672,0.333,0.5,0.667,0.339,0.358,61,0.392,20.3
Xavier Cooks,PF,WAS,0.63,0.727,0.533,1,,0,,10,0.607,6
Robert Covington,PF,LAC,0.516,0.702,0.361,0.143,0.333,0.397,0.45,48,0.445,16.8
Torrey Craig,PF,PHX,0.518,0.699,0.319,0.258,0.357,0.395,0.45,79,0.456,15
Jae Crowder,PF,MIL,0.538,0.857,0.6,0.333,0.4,0.436,0.467,18,0.479,18.8
Jarrett Culver,SF,ATL,0.516,0.647,0.333,0.5,0.333,0.083,0.333,10,0.395,11.3
Cade Cunningham,PG,DET,0.466,0.561,0.42,0.394,0.487,0.279,0.25,12,0.415,14.2
Seth Curry,SG,BKN,0.525,0.615,0.467,0.588,0.491,0.405,0.424,61,0.463,19.8
Stephen Curry,PG,GSW,0.579,0.76,0.551,0.493,0.465,0.427,0.597,56,0.493,18.8
Dyson Daniels,PG,NOP,0.492,0.635,0.348,0.3,0,0.314,0.36,59,0.418,13.4
Anthony Davis,C,LAL,0.589,0.788,0.514,0.442,0.372,0.257,0.364,56,0.563,8.2
Johnny Davis,SG,WAS,0.485,0.708,0.438,0.393,0.412,0.243,0.263,28,0.386,15.8
Terence Davis,SG,SAC,0.537,0.685,0.442,0.333,0.455,0.366,0.39,64,0.423,18.8
JD Davison,SG,BOS,0.5,1,0.5,0.333,1,0.286,,12,0.421,15.9
Darius Days,SF,HOU,1,1,,,,0.3,0.4,4,0.417,20.5
Dewayne Dedmon,C,TOT,0.58,0.66,0.511,0.444,0.667,0.308,0.2,38,0.51,10.1
Dewayne Dedmon,C,MIA,0.576,0.636,0.541,0.444,0.5,0.297,0.2,30,0.496,10.8
Dewayne Dedmon,C,PHI,0.6,0.778,0.4,,1,0.5,,8,0.591,6.4
Matthew Dellavedova,PG,SAC,0.348,0.75,0.3,0.167,0.5,0.333,0.5,32,0.34,15.9
DeMar DeRozan,SF,CHI,0.526,0.735,0.491,0.499,0.459,0.324,0.318,74,0.504,13.7
Moussa Diabate,C,LAC,0.511,0.556,0.5,0,,0.5,0.5,22,0.511,4
Mamadi Diakite,C,CLE,0.586,0.833,0.4,0.333,1,0.333,0.222,22,0.48,13.9
Hamidou Diallo,SF,DET,0.593,0.765,0.459,0.426,0.462,0.238,0.273,56,0.573,6.7
Gorgui Dieng,C,SAS,0.571,0.75,0.429,0.462,0.5,0.28,0.429,31,0.385,19.3
Ousmane Dieng,PF,OKC,0.602,0.789,0.5,0.167,0.4,0.265,0.308,39,0.42,16.2
Spencer Dinwiddie,SG-PG,TOT,0.498,0.646,0.417,0.423,0.423,0.369,0.506,79,0.438,15.7
Spencer Dinwiddie,SG,DAL,0.504,0.641,0.401,0.473,0.455,0.405,0.556,53,0.455,16
Spencer Dinwiddie,PG,BKN,0.488,0.657,0.443,0.357,0.368,0.289,0.294,26,0.404,15
Donte DiVincenzo,SG,GSW,0.525,0.567,0.563,0.286,0.3,0.397,0.419,72,0.435,19.7
Luka Doncic,PG,DAL,0.588,0.745,0.578,0.51,0.333,0.342,0.273,66,0.496,14.7
Tyler Dorsey,SF,DAL,1,,,,1,0.5,1,3,0.8,21
Luguentz Dort,SF,OKC,0.44,0.521,0.309,0.357,0.476,0.33,0.411,74,0.388,14.2
Ayo Dosunmu,SG,CHI,0.583,0.679,0.429,0.5,0.304,0.312,0.33,80,0.493,11.2
Devon Dotson,PG,WAS,0,,0,0,0,0.25,0,6,0.1,16.5
Jeff Dowtin,PG,TOR,0.488,0.7,0.6,0,0.444,0.313,0.375,25,0.439,13.5
PJ Dozier,SF,SAC,0.471,0.8,0.333,0,0.6,0.125,0.2,16,0.303,17.9
Goran Dragic,PG,TOT,0.468,0.613,0.372,0.35,0.56,0.359,0.481,58,0.421,15.8
Goran Dragic,PG,CHI,0.48,0.632,0.359,0.352,0.619,0.352,0.48,51,0.425,15.5
Goran Dragic,PG,MIL,0.368,0.4,0.5,0.333,0.25,0.412,0.5,7,0.389,17.7
Andre Drummond,C,CHI,0.613,0.66,0.475,0,,0,0,67,0.606,2.3
Chris Duarte,SF,IND,0.428,0.541,0.485,0.25,0.3,0.316,0.333,46,0.369,17.2
David Duke Jr.,SG,BKN,0.53,0.605,0.429,0.2,1,0.083,0,23,0.462,7.1
Kris Dunn,PG,UTA,0.55,0.767,0.524,0.409,0.5,0.472,0.4,22,0.537,9.3
Kevin Durant,PF,TOT,0.617,0.821,0.607,0.591,0.538,0.404,0.556,47,0.56,15.1
Kevin Durant,PF,BKN,0.622,0.811,0.608,0.603,0.529,0.376,0.417,39,0.559,14.9
Kevin Durant,PF,PHX,0.586,1,0.6,0.526,0.583,0.537,0.833,8,0.57,16.6
Jalen Duren,C,DET,0.652,0.747,0.511,0.474,0,0,0,67,0.648,3.3
Tari Eason,PF,HOU,0.486,0.619,0.318,0.211,0.1,0.343,0.367,82,0.448,9.2
Anthony Edwards,SG,MIN,0.513,0.674,0.376,0.383,0.35,0.369,0.446,79,0.459,13.9
Kessler Edwards,SF,TOT,0.5,0.737,0.182,1,0.167,0.309,0.333,36,0.387,17.1
Kessler Edwards,SF,BKN,0.333,0.8,0,,0,0.167,0,14,0.25,16.6
Kessler Edwards,SF,SAC,0.577,0.714,0.25,1,0.5,0.349,0.438,22,0.435,17.3
Keon Ellis,SG,SAC,0.25,,0.5,0,0,0.5,0.5,16,0.438,22.2
Joel Embiid,C,PHI,0.587,0.807,0.435,0.514,0.489,0.33,0.25,66,0.548,11.2
Drew Eubanks,C,POR,0.655,0.756,0.562,0.5,0.375,0.389,0,78,0.641,5.8
Bruno Fernando,C,TOT,0.546,0.672,0.413,0,0.5,0,0,39,0.527,4.2
Bruno Fernando,C,HOU,0.522,0.68,0.333,0,0.5,0,0,31,0.516,3.7
Bruno Fernando,C,ATL,0.688,0.625,0.857,0,,0,0,8,0.579,7
Dorian Finney-Smith,PF,TOT,0.503,0.642,0.227,0,0.5,0.337,0.38,66,0.391,17.8
Dorian Finney-Smith,PF,DAL,0.559,0.758,0.167,0,0.333,0.355,0.425,40,0.416,18.4
Dorian Finney-Smith,PF,BKN,0.429,0.489,0.3,0,1,0.306,0.286,26,0.351,16.8
Malachi Flynn,PG,TOR,0.367,0.517,0.286,0.5,0.2,0.353,0.476,53,0.36,18.3
Simone Fontecchio,SF,UTA,0.43,0.545,0.327,0.524,0.389,0.33,0.395,52,0.369,18.5
Bryn Forbes,SG,MIN,0.432,0.6,0.4,0.167,0.545,0.304,0.417,25,0.361,18.9
Trent Forrest,SG,ATL,0.431,0.333,0.459,0.5,,0,0,23,0.417,6.6
Michael Foster Jr.,PF,PHI,,,,,,,,1,,
Evan Fournier,SG,NYK,0.404,0.5,0.467,0.353,0.25,0.307,0.333,27,0.337,20.4
De'Aaron Fox,PG,SAC,0.584,0.803,0.569,0.488,0.444,0.324,0.255,73,0.512,13.5
Markelle Fultz,PG,ORL,0.544,0.685,0.5,0.438,0.449,0.31,0.375,60,0.514,9.8
Wenyen Gabriel,C,LAL,0.647,0.713,0.568,0.2,0.5,0.278,0.263,68,0.596,6.1
Daniel Gafford,C,WAS,0.732,0.846,0.566,0.8,0.167,,,78,0.732,3.2
Darius Garland,PG,CLE,0.492,0.615,0.451,0.521,0.357,0.41,0.389,69,0.462,14.8
Usman Garuba,C,HOU,0.525,0.625,0.324,0,,0.407,0.414,75,0.486,9.9
Luka Garza,C,MIN,0.636,0.825,0.414,0.571,0,0.359,0.333,28,0.543,11.5
Rudy Gay,PF,UTA,0.484,0.667,0.429,0.422,0.485,0.254,0.318,56,0.38,17.3
Paul George,SF,LAC,0.521,0.699,0.553,0.421,0.411,0.371,0.491,56,0.457,16.7
Taj Gibson,C,WAS,0.564,0.806,0.429,0.5,0.333,0.333,0.455,49,0.52,10.3
Josh Giddey,PF,OKC,0.524,0.646,0.455,0.455,0.304,0.325,0.4,76,0.482,9.6
Shai Gilgeous-Alexander,PG,OKC,0.533,0.678,0.438,0.512,0.396,0.345,0.235,68,0.51,9.8
Anthony Gill,PF,WAS,0.65,0.78,0.593,0.429,0,0.138,0.167,59,0.538,8.7
Jacob Gilyard,PG,MEM,,,,,,0.333,0,1,0.333,24.4
Rudy Gobert,C,MIN,0.663,0.748,0.365,0.333,0,0,,70,0.659,2.5
Jordan Goodwin,PG,WAS,0.511,0.712,0.444,0.444,0.382,0.322,0.52,62,0.448,14
Aaron Gordon,PF,DEN,0.628,0.779,0.394,0.292,0.333,0.347,0.259,68,0.564,8.8
Eric Gordon,SG,TOT,0.535,0.71,0.453,0.37,0.25,0.371,0.467,69,0.446,17.2
Eric Gordon,SG,HOU,0.536,0.744,0.458,0.3,0.25,0.347,0.526,47,0.439,16.5
Eric Gordon,SG,LAC,0.531,0.621,0.429,0.571,,0.423,0.364,22,0.463,19
Devonte' Graham,PG,TOT,0.452,0.6,0.355,0.533,0.364,0.352,0.429,73,0.374,22.5
Devonte' Graham,PG,NOP,0.463,0.462,0.308,0.571,0.625,0.347,0.35,53,0.368,23
Devonte' Graham,PG,SAS,0.442,0.75,0.389,0.5,0.214,0.358,0.533,20,0.38,22
Jerami Grant,PF,POR,0.523,0.68,0.419,0.397,0.383,0.401,0.375,63,0.475,13.9
RaiQuan Gray,PF,BKN,0.571,0.667,0,,,0.4,0,1,0.5,11.5
A.J. Green,SG,MIL,0.45,0.4,0.5,0.5,0.444,0.419,0.409,35,0.424,23.7
Danny Green,SG,TOT,0.5,0.5,0.333,0.5,1,0.432,0.417,11,0.449,21.4
Danny Green,SG,MEM,0,,0,0,,0.375,0.25,3,0.273,20.6
Danny Green,SG,CLE,0.667,0.5,0.5,0.75,1,0.448,0.5,8,0.5,21.6
Draymond Green,PF,GSW,0.612,0.709,0.57,0.474,0.273,0.305,0.308,73,0.527,10.3
Jalen Green,SG,HOU,0.471,0.591,0.406,0.467,0.368,0.338,0.324,76,0.416,15.2
JaMychal Green,PF,GSW,0.667,0.701,0.674,0.5,0.286,0.378,0.372,57,0.54,12.8
Javonte Green,SF,CHI,0.658,0.75,0.45,,0,0.371,0.313,32,0.565,9.8
Jeff Green,PF,DEN,0.58,0.768,0.427,0.409,0.364,0.288,0.421,56,0.488,11.5
Josh Green,SG,DAL,0.643,0.78,0.513,0.435,0.6,0.402,0.39,60,0.537,13.1
AJ Griffin,SF,ATL,0.536,0.63,0.568,0.522,0.375,0.39,0.408,72,0.465,16.8
Blake Griffin,C,BOS,0.625,0.675,0.524,0,,0.348,0.333,41,0.485,13.6
Quentin Grimes,SG,NYK,0.641,0.745,0.321,0.182,0.429,0.386,0.474,71,0.468,17.9
Rui Hachimura,PF,TOT,0.55,0.736,0.373,0.495,0.506,0.319,0.333,63,0.486,13.1
Rui Hachimura,PF,WAS,0.545,0.803,0.344,0.534,0.46,0.337,0.4,30,0.488,13.8
Rui Hachimura,PF,LAL,0.556,0.679,0.415,0.439,0.586,0.296,0.238,33,0.485,12.3
Tyrese Haliburton,PG,IND,0.572,0.733,0.453,0.403,0.55,0.4,0.514,56,0.49,15.8
Jordan Hall,SF,SAS,0.462,0.75,0,0.333,0.4,0.2,0.25,9,0.321,19.1
R.J. Hampton,SG,TOT,0.504,0.676,0.44,0.476,0.222,0.353,0.448,47,0.43,15.8
R.J. Hampton,SG,ORL,0.525,0.684,0.52,0.444,0.25,0.34,0.467,26,0.439,15.8
R.J. Hampton,SG,DET,0.483,0.667,0.36,0.5,0,0.365,0.429,21,0.423,15.7
Tim Hardaway Jr.,SF,DAL,0.431,0.543,0.367,0.434,0.32,0.385,0.389,71,0.401,19.7
James Harden,PG,PHI,0.495,0.618,0.418,0.438,0.528,0.385,0.429,58,0.441,16.4
Jaden Hardy,SG,DAL,0.469,0.548,0.435,0.263,0.368,0.404,0.472,48,0.438,15
Ron Harper Jr.,PF,TOR,0.714,0.667,0.75,,,0.333,0.5,9,0.5,15.5
Montrezl Harrell,C,PHI,0.616,0.71,0.5,0.111,0,0,0,57,0.598,4
Gary Harris,SG,ORL,0.494,0.614,0.429,0,0.417,0.431,0.462,48,0.45,19.4
Joe Harris,SF,BKN,0.551,0.714,0.357,0,0.5,0.426,0.462,74,0.457,20.5
Kevon Harris,SG,ORL,0.484,0.579,0.409,0,0,0.372,0.5,34,0.439,12.3
Tobias Harris,SF,PHI,0.57,0.709,0.473,0.453,0.483,0.389,0.405,74,0.501,13.2
Shaquille Harrison,SG,POR,0.462,0.5,0.5,0.333,0.333,0.3,1,5,0.417,11
Josh Hart,SF,TOT,0.601,0.736,0.41,0.265,0.231,0.372,0.412,76,0.529,10.6
Josh Hart,SF,POR,0.594,0.715,0.438,0.269,0.25,0.304,0.327,51,0.504,10.6
Josh Hart,SF,NYK,0.619,0.788,0.367,0.25,0,0.519,0.632,25,0.586,10.5
Isaiah Hartenstein,C,NYK,0.576,0.623,0.576,0.375,0,0.216,0.292,82,0.535,6
Udonis Haslem,C,MIA,0.35,0.25,0.333,0.556,0,0.333,0.25,7,0.345,14.7
Sam Hauser,SF,BOS,0.656,0.839,0.526,0.6,0.167,0.418,0.437,80,0.455,22.4
Jaxson Hayes,C,NOP,0.654,0.766,0.527,1,0.5,0.103,0.167,47,0.551,7.4
Killian Hayes,PG,DET,0.429,0.586,0.403,0.401,0.418,0.28,0.243,76,0.377,15.7
Gordon Hayward,SF,CHA,0.532,0.763,0.487,0.486,0.42,0.325,0.432,50,0.475,14.4
Juancho Hernangomez,PF,TOR,0.66,0.727,0.583,,0,0.254,0.321,42,0.421,16.1
Willy Hernangomez,C,NOP,0.544,0.635,0.453,0.5,0,0.273,0,38,0.527,5
Tyler Herro,SG,MIA,0.497,0.699,0.486,0.462,0.357,0.378,0.444,67,0.439,17.1
Buddy Hield,SF,IND,0.518,0.688,0.345,0.413,0.42,0.425,0.478,80,0.458,19.2
Haywood Highsmith,PF,MIA,0.523,0.692,0.406,0.267,0.375,0.339,0.313,54,0.431,15.4
George Hill,PG-SG,TOT,0.62,0.706,0.412,0.667,0.636,0.358,0.438,46,0.47,17.7
George Hill,PG,MIL,0.621,0.704,0.357,0.714,0.7,0.311,0.385,35,0.447,17.7
George Hill,SG,IND,0.615,0.714,0.667,0.5,0,0.524,0.667,11,0.559,17.9
Malcolm Hill,SF,CHI,1,1,,,,0.333,0,5,0.5,18.7
Aaron Holiday,PG,ATL,0.424,0.612,0.216,0.31,0.529,0.409,0.2,63,0.418,14.7
Jrue Holiday,PG,MIL,0.542,0.727,0.452,0.459,0.453,0.384,0.458,67,0.479,15.3
Justin Holiday,SF,TOT,0.508,0.7,0.5,0.143,0.35,0.322,0.325,46,0.377,19.8
Justin Holiday,SF,ATL,0.474,0.684,0,0,0.357,0.345,0.306,28,0.384,20.2
Justin Holiday,SF,DAL,0.565,0.727,0.667,0.333,0.333,0.286,0.341,18,0.367,19.1
Richaun Holmes,C,SAC,0.617,0.744,0.533,0.417,,0.625,1,42,0.618,6.4
Al Horford,C,BOS,0.539,0.672,0.525,0.278,0.2,0.446,0.488,63,0.476,18.8
Talen Horton-Tucker,SG,UTA,0.485,0.627,0.437,0.314,0.4,0.286,0.367,65,0.419,12.8
Danuel House Jr.,SF,PHI,0.644,0.727,0.412,0.833,0.286,0.336,0.333,56,0.472,15.5
Caleb Houstan,SF,ORL,0.435,0.483,0.429,0,0.333,0.338,0.478,51,0.363,20.1
Trevor Hudgins,PG,HOU,0,,0,,,0.25,,5,0.222,24.8
Kevin Huerter,SG,SAC,0.604,0.778,0.607,0.413,0.444,0.402,0.395,75,0.485,17.8
Jay Huff,C,WAS,0.692,0.875,0.5,0,1,0.5,0,7,0.6,15.5
De'Andre Hunter,SF,ATL,0.521,0.651,0.421,0.522,0.489,0.35,0.397,67,0.461,14.4
Nah'Shon Hyland,PG,TOT,0.434,0.618,0.31,0.319,0.5,0.371,0.442,56,0.399,17.6
Nah'Shon Hyland,PG,DEN,0.425,0.641,0.321,0.257,0.438,0.378,0.483,42,0.399,17.7
Nah'Shon Hyland,PG,LAC,0.46,0.56,0.273,0.5,0.75,0.351,0.357,14,0.401,17.1
Serge Ibaka,C,MIL,0.556,0.778,0.4,0,0.5,0.333,0.5,16,0.481,12.8
Andre Iguodala,PF,GSW,1,1,1,,,0.111,0,8,0.467,15.9
Joe Ingles,SF,MIL,0.556,0.65,0.5,0.5,0.4,0.409,0.453,46,0.435,22.2
Brandon Ingram,SF,NOP,0.507,0.735,0.456,0.518,0.375,0.39,0.455,45,0.484,13.5
Kyrie Irving,PG-SG,TOT,0.574,0.724,0.507,0.538,0.509,0.379,0.34,60,0.494,15.8
Kyrie Irving,PG,BKN,0.569,0.7,0.522,0.55,0.488,0.374,0.324,40,0.486,16.2
Kyrie Irving,SG,DAL,0.585,0.764,0.482,0.509,0.577,0.392,0.368,20,0.51,14.8
Jonathan Isaac,PF,ORL,0.421,0.588,0.1,0.5,0.4,0.4,0.75,11,0.415,11.9
Jaden Ivey,SG,DET,0.457,0.584,0.333,0.411,0.442,0.343,0.366,74,0.416,13.8
Frank Jackson,PG,UTA,0,,0,0,,0,,1,0,13.9
Isaiah Jackson,C,IND,0.582,0.684,0.373,0.286,0.75,0.143,0.333,63,0.563,4.2
Jaren Jackson Jr.,C,MEM,0.585,0.704,0.496,0.348,0.4,0.355,0.322,63,0.506,11.4
Justin Jackson,SF,BOS,0.286,0.5,0,0.5,0,0.25,0.167,23,0.259,21.1
Quenton Jackson,PG,WAS,0.6,0.563,0.6,1,0.667,0.083,0,9,0.452,10.9
Reggie Jackson,PG,TOT,0.474,0.639,0.44,0.422,0.406,0.333,0.384,68,0.411,16.1
Reggie Jackson,PG,LAC,0.469,0.622,0.416,0.453,0.385,0.35,0.42,52,0.418,15.9
Reggie Jackson,PG,DEN,0.5,0.778,0.571,0.273,0.5,0.279,0.304,16,0.383,16.8
LeBron James,PF,LAL,0.58,0.788,0.463,0.34,0.397,0.321,0.267,55,0.5,12.8
Ty Jerome,SG,GSW,0.546,0.739,0.527,0.523,0.364,0.389,0.524,45,0.488,14.7
Isaiah Joe,SG,OKC,0.553,0.706,0.421,0.565,0.474,0.409,0.519,73,0.441,22.6
Alize Johnson,PF,SAS,0.75,0.75,,,,0,0,4,0.5,12.8
Cameron Johnson,PF,TOT,0.548,0.691,0.435,0.429,0.459,0.404,0.424,42,0.47,17
Cameron Johnson,PF,PHX,0.5,0.71,0.412,0.385,0.231,0.455,0.467,17,0.474,17.7
Cameron Johnson,PF,BKN,0.572,0.683,0.448,0.448,0.583,0.372,0.403,25,0.468,16.5
Jalen Johnson,SF,ATL,0.587,0.722,0.41,0.462,0.333,0.288,0.283,70,0.491,11.2
James Johnson,PF,IND,0.559,0.632,0.4,0.5,0.667,0.2,0.125,18,0.449,11.4
Keldon Johnson,SF,SAS,0.523,0.657,0.455,0.337,0.313,0.329,0.348,63,0.452,12.7
Keon Johnson,SG,POR,0.402,0.649,0.257,0.231,0.25,0.346,0.259,40,0.376,15.4
Stanley Johnson,SF,SAS,0.573,0.688,0.514,0.417,0.667,0.45,0.571,30,0.533,12.1
Nikola Jokic,C,DEN,0.675,0.784,0.643,0.5,0.59,0.383,0.25,69,0.632,8.6
Carlik Jones,PG,CHI,0.333,0.5,0.25,,0.333,0.5,,7,0.4,16
Damian Jones,C,TOT,0.652,0.706,0.5,0,1,0.588,0.692,41,0.64,7.2
Damian Jones,C,LAL,0.588,0.727,0.3,0,1,0,,22,0.541,6
Damian Jones,C,UTA,0.714,0.69,0.833,,,0.714,0.692,19,0.714,8.1
Derrick Jones Jr.,PF,CHI,0.587,0.627,0.364,0.5,,0.338,0.375,64,0.5,9.7
Herbert Jones,PF,NOP,0.536,0.66,0.391,0.444,0.211,0.335,0.321,66,0.469,10.8
Kai Jones,C,CHA,0.624,0.836,0.31,0.429,0,0.211,0.25,46,0.558,7.2
Tre Jones,PG,SAS,0.506,0.673,0.385,0.442,0.483,0.285,0.255,68,0.459,10.7
Tyus Jones,PG,MEM,0.495,0.6,0.488,0.473,0.429,0.371,0.53,80,0.438,16.6
DeAndre Jordan,C,DEN,0.763,0.837,0.45,1,0,1,,39,0.765,2.2
Cory Joseph,PG,DET,0.468,0.645,0.427,0.441,0.346,0.389,0.387,62,0.427,16.8
Nikola Jovic,PF,MIA,0.588,0.846,0.455,0.333,0.5,0.229,0.3,15,0.406,16.3
Johnny Juzang,SG,UTA,0.488,0.833,0.471,0.25,0.5,0.238,0.235,18,0.337,19.2
Mfiondu Kabengele,PF,BOS,0.5,0.667,0,,,0,0,4,0.286,12.7
Frank Kaminsky,C,TOT,0.6,0.846,0.364,0.5,0.5,0.394,0,36,0.492,16.2
Frank Kaminsky,C,ATL,0.667,0.8,0.5,0.5,1,0.478,0,26,0.568,15.8
Frank Kaminsky,C,HOU,0.444,1,0,0.5,0,0.2,0,10,0.316,17.1
Trevor Keels,SG,NYK,,,,,,0.25,,3,0.25,25.2
Luke Kennard,SG,TOT,0.487,0.545,0.5,0.441,0.48,0.494,0.481,59,0.492,20.9
Luke Kennard,SG,LAC,0.494,0.538,0.5,0.478,0.471,0.447,0.519,35,0.464,19.9
Luke Kennard,SG,MEM,0.471,0.556,0.5,0.364,0.5,0.54,0.444,24,0.526,22.1
Walker Kessler,C,UTA,0.723,0.813,0.54,1,0.333,0.333,0,74,0.72,2.7
Braxton Key,SF,DET,1,,,1,,,,3,1,14
Louis King,PF,PHI,0.8,1,0.5,,1,0.5,1,1,0.615,18.2
Corey Kispert,SF,WAS,0.637,0.762,0.534,0.412,0.333,0.424,0.488,74,0.497,18.8
Maxi Kleber,PF,DAL,0.667,0.725,0.5,0.667,0.333,0.348,0.29,37,0.456,18.1
Nathan Knight,C,MIN,0.644,0.778,0.455,0,,0.364,0.333,38,0.568,8.8
Kevin Knox II II,SF-PF,TOT,0.596,0.692,0.5,0.5,0.417,0.349,0.313,63,0.458,16.6
Kevin Knox II,SF,DET,0.651,0.793,0.565,0.429,0.5,0.371,0.333,42,0.469,18
Kevin Knox II,PF,POR,0.554,0.633,0.364,0.533,0.375,0.314,0.25,21,0.444,14.9
Christian Koloko,C,TOR,0.514,0.6,0.313,0.4,0,0.083,0.167,58,0.48,4.9
John Konchar,SF,MEM,0.545,0.702,0.229,0.333,0.2,0.339,0.355,72,0.431,15.3
Furkan Korkmaz,SG,PHI,0.462,0.818,0.222,0.5,0.25,0.391,0.333,37,0.432,14.7
Luke Kornet,C,BOS,0.701,0.773,0.6,0.286,,0.231,0.286,69,0.665,4.6
Vit Krejci,PG,ATL,0.625,0.636,0.667,0,1,0.238,0.5,29,0.405,15.9
Jonathan Kuminga,PF,GSW,0.59,0.673,0.54,0.483,0.389,0.37,0.419,67,0.525,10.7
Kyle Kuzma,PF,WAS,0.533,0.722,0.487,0.383,0.309,0.333,0.41,64,0.448,15.2
Anthony Lamb,SF,GSW,0.652,0.809,0.576,0,0.429,0.367,0.353,62,0.471,17.8
Jock Landale,C,PHX,0.621,0.74,0.53,0.333,0.5,0.25,0.333,69,0.528,9.8
Romeo Langford,SG,SAS,0.53,0.68,0.429,0.458,0.5,0.262,0.333,43,0.467,10.1
Jake LaRavia,PF,MEM,0.542,0.533,0.5,1,,0.338,0.455,35,0.389,20.1
Zach LaVine,SG,CHI,0.556,0.693,0.442,0.441,0.428,0.375,0.467,77,0.485,14.9
A.J. Lawson,SG,TOT,0.632,0.714,0.4,,,0.4,0.214,15,0.5,14.7
A.J. Lawson,SG,MIN,1,1,,,,,,1,1,0.5
A.J. Lawson,SG,DAL,0.611,0.692,0.4,,,0.4,0.214,14,0.488,15
Damion Lee,SG,PHX,0.439,0.6,0.385,0.456,0.214,0.445,0.495,74,0.442,17.5
Saben Lee,PG,TOT,0.418,0.538,0.233,0.667,0.167,0.367,0.444,25,0.405,9.4
Saben Lee,PG,PHI,1,1,,,,0,0,2,0.75,6.9
Saben Lee,PG,PHX,0.398,0.51,0.233,0.667,0.167,0.379,0.5,23,0.393,9.5
Alex Len,C,SAC,0.571,0.737,0,0.667,0,0,,26,0.533,5.5
Kawhi Leonard,SF,LAC,0.551,0.724,0.523,0.531,0.463,0.416,0.521,52,0.512,14.9
Meyers Leonard,C,MIL,0.636,0.625,1,,0,0.389,0,9,0.483,17.7
Caris LeVert,SG,CLE,0.462,0.638,0.373,0.306,0.238,0.392,0.405,74,0.431,14.5
Kira Lewis Jr.,PG,NOP,0.463,0.55,0.4,0.286,0.625,0.441,0.667,25,0.455,13.3
Damian Lillard,PG,POR,0.574,0.673,0.452,0.525,0.493,0.371,0.395,58,0.463,17.5
Nassir Little,SF,POR,0.524,0.696,0.333,0.389,0.5,0.367,0.364,54,0.442,16.9
Isaiah Livers,PF,DET,0.541,0.842,0.381,0.368,0.5,0.365,0.435,52,0.417,20
Kenneth Lofton Jr.,PF,MEM,0.566,0.795,0.4,0.214,0.125,0.353,0.333,24,0.527,9.6
Kevon Looney,C,GSW,0.632,0.734,0.521,0.412,0.417,0,,82,0.63,3.5
Brook Lopez,C,MIL,0.637,0.771,0.569,0.485,0.375,0.374,0.403,78,0.531,14
Robin Lopez,C,CLE,0.648,0.826,0.545,1,0.667,0.5,1,37,0.64,6.6
Kevin Love,PF,TOT,0.516,0.622,0.5,0.364,0.471,0.334,0.341,62,0.389,20.2
Kevin Love,PF,CLE,0.467,0.588,0.5,0.235,0.4,0.354,0.429,41,0.389,20.2
Kevin Love,PF,MIA,0.632,0.727,0.5,0.8,1,0.297,0.188,21,0.388,20.3
Kyle Lowry,PG,MIA,0.509,0.588,0.444,0.475,0.455,0.345,0.455,55,0.404,19.4
Trey Lyles,PF,SAC,0.595,0.682,0.388,0.333,0,0.363,0.446,74,0.458,15.5
Theo Maledon,PG,CHA,0.465,0.582,0.354,0.471,0.6,0.295,0,44,0.402,14
Sandro Mamukelashvili,C,TOT,0.511,0.61,0.429,0.2,0,0.303,0.35,43,0.422,13.2
Sandro Mamukelashvili,C,MIL,0.462,0.6,0.333,0,,0.219,0.25,24,0.328,15.6
Sandro Mamukelashvili,C,SAS,0.524,0.613,0.455,0.25,0,0.343,0.417,19,0.453,12.4
Terance Mann,SG,LAC,0.598,0.769,0.4,0.375,0.476,0.389,0.337,81,0.519,12.5
Tre Mann,PG,OKC,0.475,0.667,0.373,0.407,0.56,0.315,0.452,67,0.393,17.2
Boban Marjanovic,C,HOU,0.695,0.833,0.586,0.667,,0,,31,0.683,4.9
Lauri Markkanen,PF,UTA,0.585,0.717,0.505,0.525,0.452,0.391,0.489,66,0.499,14.6
Naji Marshall,SF,NOP,0.513,0.662,0.386,0.532,0.429,0.303,0.325,77,0.433,13.2
Caleb Martin,SF,MIA,0.545,0.674,0.424,0.481,0.469,0.356,0.302,71,0.464,14.9
Cody Martin,SF,CHA,0.5,0.615,0.333,0.333,0.333,0.214,0.5,7,0.389,13.3
Kenyon Martin Jr.,SF,HOU,0.679,0.807,0.49,0.5,,0.315,0.353,82,0.569,9.7
Tyrese Martin,SG,ATL,0.5,0.667,0.4,0.333,0.5,0.143,0,16,0.391,12.3
Garrison Mathews,SG,TOT,0.476,0.667,0.25,0.5,0.5,0.35,0.39,54,0.363,23.8
Garrison Mathews,SG,HOU,0.467,0.571,0.333,,0.5,0.342,0.389,45,0.353,24.1
Garrison Mathews,SG,ATL,0.5,1,0,0.5,,0.4,0.4,9,0.419,21.8
Bennedict Mathurin,SG,IND,0.488,0.625,0.397,0.366,0.333,0.323,0.333,78,0.434,12.1
Wesley Matthews,SF,MIL,0.528,0.706,0.333,0.5,0,0.315,0.238,52,0.363,21
Tyrese Maxey,SG,PHI,0.513,0.626,0.447,0.467,0.4,0.434,0.514,60,0.481,14.4
Skylar Mays,PG,POR,0.524,0.611,0.167,0.636,0.429,0.462,0.25,6,0.5,14.9
Miles McBride,PG,NYK,0.457,0.636,0.294,0.353,0.357,0.299,0.4,64,0.358,18.6
Mac McClung,SG,PHI,0.556,0.667,0.5,,0,0.364,0.25,2,0.45,15.3
CJ McCollum,PG,NOP,0.469,0.621,0.443,0.513,0.327,0.389,0.328,75,0.437,16
T.J. McConnell,PG,IND,0.556,0.642,0.516,0.483,0.5,0.441,0.588,75,0.543,8.5
Jaden McDaniels,SF,MIN,0.588,0.752,0.461,0.444,0.375,0.398,0.419,79,0.517,12.5
Jalen McDaniels,SF,TOT,0.53,0.649,0.398,0.396,0.4,0.332,0.337,80,0.455,12.3
Jalen McDaniels,SF,CHA,0.534,0.673,0.392,0.4,0.375,0.322,0.329,56,0.447,13.1
Jalen McDaniels,SF,PHI,0.516,0.561,0.423,0.385,0.5,0.4,0.385,24,0.488,8.9
Doug McDermott,SF,SAS,0.516,0.707,0.412,0.393,0.25,0.413,0.407,64,0.457,17.3
JaVale McGee,C,DAL,0.65,0.814,0.413,0.5,,0.4,,42,0.64,4
Bryce McGowens,SG,CHA,0.443,0.576,0.333,0.25,0,0.325,0.357,46,0.396,13
Rodney McGruder,SG,DET,0.382,0.737,0.167,0.273,0,0.423,0.372,32,0.408,18.1
Jordan McLaughlin,PG,MIN,0.552,0.708,0.457,0.4,0.667,0.308,0.391,43,0.421,16.7
De'Anthony Melton,SG,PHI,0.484,0.622,0.329,0.292,0.529,0.39,0.371,77,0.425,17.8
Sam Merrill,SG,CLE,1,1,1,,1,0.278,0,5,0.409,22.3
Chimezie Metu,PF,SAC,0.663,0.804,0.483,0.25,0.667,0.237,0,66,0.589,7.5
Khris Middleton,SF,MIL,0.516,0.644,0.548,0.423,0.491,0.315,0.391,33,0.436,16.4
Patty Mills,PG,BKN,0.493,0.769,0.5,0.25,0.5,0.366,0.382,40,0.411,20.9
Shake Milton,SG,PHI,0.521,0.685,0.393,0.4,0.5,0.378,0.297,76,0.479,11.6
Justin Minaya,SF,POR,0.364,0.6,0,0.333,0,0.25,0,4,0.304,16.4
Josh Minott,SF,MIN,0.533,0.714,0.4,0,,0.333,0.333,15,0.5,6.6
Davion Mitchell,PG,SAC,0.584,0.699,0.569,0.318,0.5,0.32,0.316,80,0.454,16.1
Donovan Mitchell,SG,CLE,0.566,0.7,0.524,0.486,0.431,0.386,0.382,68,0.484,16
Evan Mobley,PF,CLE,0.595,0.817,0.409,0.362,0.455,0.216,0.2,79,0.554,7.2
Isaiah Mobley,PF,CLE,0.45,0.5,0.4,1,0,0.375,1,12,0.429,11.1
Chima Moneke,SF,SAC,0.5,0.5,,,,,,2,0.5,2.2
Malik Monk,SG,SAC,0.538,0.698,0.418,0.333,0.519,0.359,0.433,77,0.448,15.7
Moses Moody,SG,GSW,0.641,0.725,0.5,0.429,1,0.363,0.34,63,0.476,17.1
Xavier Moon,SG,LAC,0.333,,1,0,0.333,0.333,0,4,0.333,18.1
Wendell Moore Jr.,SG,MIN,0.615,0.778,0.4,0,0,0.118,0.143,29,0.419,11.8
Ja Morant,PG,MEM,0.519,0.652,0.419,0.463,0.467,0.307,0.433,61,0.466,11.1
Marcus Morris Sr.,PF,LAC,0.484,0.711,0.5,0.414,0.453,0.364,0.31,65,0.426,18.2
Markieff Morris,PF,TOT,0.432,0.571,0.2,0.556,0.333,0.394,0.409,35,0.409,19.7
Markieff Morris,PF,BKN,0.394,0.5,0.2,0.462,0.5,0.408,0.444,27,0.402,18.9
Markieff Morris,PF,DAL,0.545,1,,0.8,0.2,0.364,0.25,8,0.424,21.8
Monte Morris,PG,WAS,0.543,0.754,0.509,0.493,0.464,0.382,0.4,62,0.48,16.2
Trey Murphy III,SF,NOP,0.611,0.758,0.495,0.188,0.333,0.406,0.424,79,0.484,17.7
Dejounte Murray,SG,ATL,0.514,0.697,0.431,0.455,0.486,0.344,0.442,74,0.464,14.3
Jamal Murray,PG,DEN,0.494,0.667,0.44,0.46,0.399,0.398,0.5,65,0.454,16.2
Keegan Murray,SF,SAC,0.527,0.671,0.349,0.455,0.333,0.411,0.439,80,0.453,17.8
Mike Muscala,C,TOT,0.588,0.63,0.667,0.5,0.5,0.391,0.417,63,0.449,20.2
Mike Muscala,C,OKC,0.541,0.667,0.4,0.526,0.455,0.394,0.385,43,0.438,20.7
Mike Muscala,C,BOS,0.708,0.5,0.909,0.4,1,0.385,0.455,20,0.472,18.9
Svi Mykhailiuk,SF,TOT,0.473,0.667,0.167,0.455,0.333,0.424,0.429,32,0.445,17.2
Svi Mykhailiuk,SF,NYK,0,,0,,,0.6,0.667,13,0.5,22
Svi Mykhailiuk,SF,CHA,0.486,0.667,0.188,0.455,0.333,0.404,0.406,19,0.441,16.8
Larry Nance Jr.,C,NOP,0.654,0.769,0.551,0.389,0.333,0.333,0.417,65,0.61,6.9
Andrew Nembhard,SG,IND,0.504,0.716,0.436,0.376,0.455,0.35,0.357,75,0.441,15.3
Aaron Nesmith,SF,IND,0.496,0.639,0.263,0.486,0.333,0.366,0.383,73,0.427,15.5
Raul Neto,PG,CLE,0.662,0.711,0.471,1,0.25,0.286,0.625,48,0.518,13.2
Georges Niang,PF,PHI,0.576,0.681,0.536,0.333,0.5,0.401,0.534,78,0.442,20.7
Daishen Nix,PG,HOU,0.423,0.489,0.37,1,0.2,0.286,0.238,57,0.342,17.4
Zeke Nnaji,PF,DEN,0.71,0.794,0.407,,0.5,0.262,0.25,53,0.561,9.9
Nerlens Noel,C,TOT,0.353,0.444,0.222,0.364,0.4,0.5,,17,0.361,9.8
Nerlens Noel,C,DET,0.393,0.5,0.333,0.333,0.4,0.5,,14,0.4,10.1
Nerlens Noel,C,BKN,0.167,0,0,0.5,,,,3,0.167,8.1
Jaylen Nowell,SG,MIN,0.542,0.662,0.429,0.536,0.368,0.289,0.222,65,0.448,13.5
Frank Ntilikina,SG,DAL,0.477,0.579,0.238,0.417,0.769,0.254,0.13,47,0.364,16.9
Kendrick Nunn,SG,TOT,0.493,0.667,0.395,0.474,0.469,0.354,0.333,70,0.424,17
Kendrick Nunn,SG,LAL,0.488,0.667,0.444,0.4,0.412,0.325,0.333,39,0.406,16.8
Kendrick Nunn,SG,WAS,0.5,0.667,0.333,0.556,0.533,0.392,0.333,31,0.447,17.2
Jusuf Nurkic,C,POR,0.567,0.645,0.447,0.556,0.5,0.361,0.333,52,0.519,8.6
Jordan Nwora,SF,TOT,0.462,0.574,0.413,0.364,0.233,0.408,0.39,62,0.436,15.2
Jordan Nwora,SF,MIL,0.379,0.526,0.4,0.154,0.211,0.392,0.333,38,0.386,17
Jordan Nwora,SF,IND,0.518,0.603,0.421,0.5,0.273,0.422,0.429,24,0.476,13.7
Royce O'Neale,SF,BKN,0.379,0.489,0.271,0.222,0,0.389,0.349,76,0.386,19.6
Chuma Okeke,SF,ORL,0.472,0.7,0.143,0.167,0.333,0.302,0.471,27,0.352,19.6
Josh Okogie,SG,PHX,0.442,0.56,0.297,0.286,0.375,0.335,0.319,72,0.391,14.4
Onyeka Okongwu,C,ATL,0.647,0.764,0.448,0.56,0.405,0.308,0.4,80,0.638,4.6
Isaac Okoro,SF,CLE,0.617,0.687,0.413,1,0,0.363,0.38,76,0.494,12.5
KZ Okpala,PF,SAC,0.529,0.833,0.333,0,1,0.333,0.455,35,0.421,16
Victor Oladipo,SG,MIA,0.471,0.534,0.492,0.326,0.545,0.33,0.158,42,0.397,16.7
Kelly Olynyk,C,UTA,0.576,0.702,0.544,0.296,0.429,0.394,0.438,68,0.499,14.5
Eugene Omoruyi,SF,TOT,0.547,0.707,0.244,0.333,0,0.281,0.333,40,0.443,11.7
Eugene Omoruyi,SF,OKC,0.571,0.681,0.286,0,0,0.258,0.353,23,0.468,9.6
Eugene Omoruyi,SF,DET,0.526,0.733,0.222,0.5,0,0.293,0.32,17,0.425,13.1
Cedi Osman,SF,CLE,0.564,0.732,0.226,0.538,0,0.372,0.43,77,0.451,16.7
Kelly Oubre Jr.,SF,CHA,0.51,0.66,0.361,0.447,0.483,0.319,0.41,48,0.431,13.8
Chris Paul,PG,PHX,0.482,0.588,0.447,0.485,0.485,0.375,0.421,59,0.44,18
Cameron Payne,PG,PHX,0.448,0.607,0.388,0.439,0.4,0.368,0.333,48,0.415,15.8
Gary Payton II,SG,TOT,0.651,0.677,0.636,0,,0.5,0.55,22,0.594,10.5
Gary Payton II,SG,POR,0.625,0.7,0.333,0,,0.529,0.583,15,0.585,11.2
Gary Payton II,SG,GSW,0.684,0.636,0.75,,,0.444,0.5,7,0.607,9.5
Theo Pinson,SG,DAL,0.36,0.364,0.364,0.5,0,0.355,0.556,40,0.356,19.6
Scotty Pippen Jr.,PG,LAL,0.333,0.5,0.5,0,0,0.333,0,6,0.333,11.8
Mason Plumlee,C,TOT,0.68,0.766,0.463,0.5,0.6,,,79,0.68,2.7
Mason Plumlee,C,CHA,0.669,0.764,0.43,0.533,0.6,,,56,0.669,2.8
Mason Plumlee,C,LAC,0.727,0.773,0.619,0,,,,23,0.727,2.2
Jakob Poeltl,C,TOT,0.63,0.757,0.516,0.471,0,0,,72,0.629,4.6
Jakob Poeltl,C,SAS,0.618,0.768,0.481,0.441,0,0,,46,0.616,4.9
Jakob Poeltl,C,TOR,0.652,0.738,0.571,0.538,,,,26,0.652,4.2
Aleksej Pokusevski,PF,OKC,0.483,0.645,0.3,0.308,0.333,0.365,0.379,34,0.434,13.2
Jordan Poole,PG,GSW,0.524,0.696,0.517,0.379,0.398,0.336,0.333,82,0.43,17.3
Kevin Porter Jr.,PG,HOU,0.501,0.711,0.385,0.461,0.478,0.366,0.489,59,0.442,15.7
Michael Porter Jr.,SF,DEN,0.579,0.807,0.429,0.44,0.449,0.414,0.524,62,0.487,17.7
Otto Porter Jr.,SF,TOR,0.692,1,1,0,0.4,0.353,0.25,8,0.5,18.8
Bobby Portis,PF,MIL,0.555,0.643,0.549,0.471,0.492,0.37,0.278,70,0.496,13.3
Kristaps Porzingis,C,WAS,0.559,0.74,0.534,0.491,0.417,0.385,0.526,65,0.498,15.1
Micah Potter,PF,UTA,0.75,1,0.6,,,0.571,1,7,0.667,14.3
Dwight Powell,C,DAL,0.746,0.791,0.578,0,0.333,0,0,76,0.732,2.5
Norman Powell,SG,LAC,0.534,0.684,0.456,0.419,0.372,0.397,0.484,60,0.479,14.1
Jason Preston,PG,LAC,0.565,0.8,0.417,0.6,1,0.278,0.5,14,0.439,17.1
Joshua Primo,SG,SAS,0.429,1,0.375,0.333,0.5,0.25,0.333,4,0.346,17
Taurean Prince,PF,MIN,0.557,0.671,0.462,0.667,0.3,0.381,0.432,54,0.467,15.7
Payton Pritchard,PG,BOS,0.495,0.615,0.414,0.375,0.385,0.364,0.321,48,0.412,18.6
Trevelin Queen,SG,IND,0.357,0.556,0,,0,0.133,0.5,7,0.241,15.6
Neemias Queta,C,SAC,0.667,0.75,0.6,,,,,5,0.667,3
Immanuel Quickley,SG,NYK,0.521,0.681,0.5,0.471,0.346,0.37,0.366,81,0.448,16.5
Lester Quinones,SG,GSW,0,,0,,,0.5,0,4,0.4,22.3
Julius Randle,PF,NYK,0.553,0.679,0.519,0.443,0.407,0.343,0.333,77,0.459,15.3
Austin Reaves,SG,LAL,0.631,0.833,0.558,0.54,0.423,0.398,0.368,64,0.529,15.4
Cam Reddish,SF,TOT,0.56,0.675,0.508,0.412,0.2,0.313,0.354,40,0.446,13.5
Cam Reddish,SF,NYK,0.55,0.651,0.464,0.333,0.333,0.304,0.368,20,0.449,12.8
Cam Reddish,SF,POR,0.568,0.7,0.548,0.455,0,0.318,0.345,20,0.443,14
Davon Reed,SG,TOT,0.289,0.375,0.182,0.125,0.455,0.37,0.357,43,0.333,18.6
Davon Reed,SG,DEN,0.25,0.286,0.182,0.125,0.4,0.364,0.357,35,0.313,18.6
Davon Reed,SG,LAL,1,1,,,1,0.5,,8,0.75,18.5
Paul Reed,C,PHI,0.606,0.706,0.356,0.333,0.5,0.167,0,69,0.593,4
Naz Reid,C,MIN,0.653,0.812,0.466,0.385,0.5,0.346,0.263,68,0.537,11.8
Jared Rhoden,SG,DET,0.5,0.571,0.333,0.75,0,0.25,0.375,14,0.386,14.8
Nick Richards,C,CHA,0.628,0.741,0.282,0.5,0.333,1,,65,0.629,2.6
Josh Richardson,SG,TOT,0.506,0.66,0.467,0.429,0.533,0.365,0.447,65,0.431,18.8
Josh Richardson,SG,SAS,0.518,0.639,0.585,0.395,0.565,0.357,0.481,42,0.436,18.7
Josh Richardson,SG,NOP,0.468,0.714,0.211,0.6,0.429,0.384,0.4,23,0.419,19
Austin Rivers,SG,MIN,0.558,0.786,0.35,0.25,,0.35,0.42,52,0.435,15.7
Duncan Robinson,SF,MIA,0.556,0.75,0.476,0.5,0.333,0.328,0.306,42,0.371,21.9
Mitchell Robinson,C,NYK,0.671,0.7,0.333,1,0,,,59,0.671,1.2
Orlando Robinson,C,MIA,0.566,0.757,0.452,0,0,0,0,31,0.528,5.3
Jeremiah Robinson-Earl,PF,OKC,0.533,0.612,0.32,0.6,0.222,0.333,0.333,43,0.444,12.9
Isaiah Roby,PF,SAS,0.516,0.707,0.395,0.25,0.286,0.3,0.364,42,0.432,13.1
David Roddy,PF,MEM,0.553,0.711,0.351,0.545,0.167,0.307,0.341,70,0.429,14.5
Ryan Rollins,PG,GSW,0.364,0.429,0.333,0,,0.333,0.2,12,0.35,13.1
Derrick Rose,PG,NYK,0.438,0.567,0.366,0.467,0.3,0.302,0.333,27,0.384,14.2
Terrence Ross,SG,TOT,0.507,0.706,0.514,0.398,0.586,0.368,0.441,63,0.43,19.7
Terrence Ross,SG,ORL,0.489,0.692,0.5,0.385,0.548,0.381,0.459,42,0.431,19.2
Terrence Ross,SG,PHX,0.544,0.75,0.6,0.419,0.643,0.347,0.419,21,0.428,20.6
Terry Rozier,SG,CHA,0.48,0.622,0.376,0.467,0.417,0.327,0.301,63,0.415,15.1
Ricky Rubio,PG,CLE,0.417,0.407,0.188,0.488,0.444,0.256,0.306,33,0.343,16.4
D'Angelo Russell,PG,TOT,0.548,0.721,0.492,0.484,0.475,0.396,0.4,71,0.469,17.6
D'Angelo Russell,PG,MIN,0.546,0.698,0.511,0.477,0.508,0.391,0.349,54,0.465,17.8
D'Angelo Russell,PG,LAL,0.555,0.778,0.45,0.526,0.333,0.414,0.714,17,0.484,16.6
Matt Ryan,SF,TOT,0.333,0.8,0.2,0,0.231,0.381,0.552,34,0.37,22.2
Matt Ryan,SF,LAL,0.143,,0,0,0.182,0.371,0.667,12,0.306,22.9
Matt Ryan,SF,MIN,0.6,0.8,0.333,,0.5,0.388,0.5,22,0.424,21.5
Domantas Sabonis,C,SAC,0.639,0.764,0.502,0.512,0.444,0.373,0.2,79,0.615,6.2
Luka Samanic,PF,UTA,0.692,0.786,0.7,0,0,0.258,0.286,7,0.456,15.4
Dario Saric,PF-C,TOT,0.506,0.731,0.403,0.3,0.154,0.391,0.448,57,0.458,14
Dario Saric,PF,PHX,0.45,0.643,0.386,0.308,0.1,0.391,0.409,37,0.427,13.5
Dario Saric,C,OKC,0.623,0.88,0.444,0.286,0.333,0.391,0.571,20,0.515,14.9
Olivier Sarr,C,OKC,0.636,0.611,0.667,1,,0.125,0,9,0.5,8.3
Jordan Schakel,SF,WAS,0,,0,,,1,,2,0.5,16.1
Admiral Schofield,PF,ORL,0.646,0.704,0.6,0,,0.324,0.385,37,0.451,16.4
Dennis Schroder,PG,LAL,0.461,0.55,0.422,0.462,0.391,0.329,0.345,66,0.415,14.4
Jay Scrubb,SG,ORL,0.6,0.667,0.5,,,1,1,2,0.714,9.7
Dereon Seabron,SG,NOP,0.4,1,0,,,,,5,0.4,5.6
Alperen Sengun,C,HOU,0.57,0.677,0.499,0.476,0.308,0.333,0,75,0.553,6
Collin Sexton,PG,UTA,0.546,0.608,0.506,0.595,0.389,0.393,0.44,48,0.506,11.1
Landry Shamet,SG,PHX,0.376,0.537,0.25,0.261,0.294,0.377,0.467,40,0.377,19.6
Day'Ron Sharpe,C,BKN,0.544,0.641,0.282,0.333,0,0.545,0,48,0.544,3.8
Shaedon Sharpe,SG,POR,0.559,0.708,0.392,0.313,0.444,0.36,0.407,80,0.472,15
Pascal Siakam,PF,TOR,0.523,0.75,0.474,0.469,0.37,0.324,0.351,71,0.48,12.2
Chris Silva,PF,DAL,1,,1,,,,,1,1,7.4
Ben Simmons,PG,BKN,0.571,0.713,0.468,0.455,0,0,,42,0.566,4.8
Kobi Simmons,SG,CHA,0,0,,,,0.2,,5,0.167,22.2
Marko Simonovic,C,CHI,0.333,,0.333,,,0.25,,7,0.286,18.5
Anfernee Simons,SG,POR,0.528,0.647,0.431,0.542,0.417,0.377,0.4,62,0.447,17.9
Jericho Sims,C,NYK,0.783,0.831,0.545,0.5,,0,,52,0.776,2.5
Marcus Smart,PG,BOS,0.519,0.75,0.431,0.438,0.267,0.336,0.333,61,0.415,17
Dennis Smith Jr.,PG,CHA,0.475,0.664,0.343,0.357,0.267,0.216,0.28,54,0.412,11.4
Dru Smith,SG,TOT,0.5,0.5,0.556,0.5,0,0.263,0.429,15,0.4,14.9
Dru Smith,SG,MIA,0.5,1,0.5,0.5,0,0.167,0,5,0.357,16.1
Dru Smith,SG,BKN,0.5,0.429,0.6,0.5,,0.308,0.6,10,0.419,14.3
Ish Smith,PG,DEN,0.42,0.533,0.524,0.333,0.404,0.167,0,43,0.397,13.4
Jabari Smith Jr.,PF,HOU,0.487,0.725,0.39,0.458,0.34,0.307,0.348,79,0.408,16.2
Jalen Smith,C,IND,0.593,0.761,0.404,0.158,0.4,0.283,0.281,68,0.476,12.2
Xavier Sneed,SF,CHA,0.5,1,0,0,,0.5,1,4,0.5,17.6
Jeremy Sochan,PF,SAS,0.519,0.665,0.39,0.447,0.379,0.246,0.147,56,0.453,10.4
Jaden Springer,SG,PHI,0.5,0.75,0.444,0.286,0,0.4,0,16,0.486,8.9
Lamar Stevens,SF,CLE,0.513,0.653,0.326,0.45,0.222,0.316,0.254,62,0.448,11.5
Isaiah Stewart,C,DET,0.542,0.571,0.478,0.5,0.857,0.327,0.328,50,0.442,13.5
Max Strus,SF,MIA,0.559,0.679,0.478,0.444,0.111,0.35,0.461,80,0.41,19.4
Jalen Suggs,SG,ORL,0.496,0.588,0.472,0.324,0.441,0.327,0.407,53,0.419,15.8
Edmond Sumner,SG,BKN,0.511,0.624,0.389,0.357,0.636,0.356,0.348,53,0.461,11.2
Cole Swider,SF,LAL,0,,,0,,0.375,1,7,0.333,24.2
Jae'Sean Tate,SF,HOU,0.53,0.614,0.5,0.3,0.333,0.283,0.313,31,0.48,8.5
Jayson Tatum,SF,BOS,0.558,0.738,0.457,0.389,0.366,0.35,0.455,74,0.466,14.8
Terry Taylor,PF,TOT,0.607,0.765,0.389,0.333,0,0.263,0.25,31,0.52,9
Terry Taylor,PF,IND,0.553,0.714,0.333,0.333,0,0.222,0.25,26,0.462,9.6
Terry Taylor,PF,CHI,0.889,1,0.667,,,1,,5,0.9,5
Garrett Temple,SG,NOP,0.368,0.5,0,0,0,0.423,0.333,25,0.4,17.3
Dalen Terry,SG,CHI,0.556,0.581,0.5,,0.5,0.259,0.25,38,0.444,11.6
Daniel Theis,C,IND,0.576,0.611,0.667,0.333,,0.182,0.5,7,0.477,10.4
Cam Thomas,SG,BKN,0.464,0.684,0.466,0.346,0.458,0.383,0.5,57,0.441,14.6
Klay Thompson,SF,GSW,0.47,0.694,0.513,0.378,0.408,0.412,0.403,69,0.436,19.6
JT Thor,PF,CHA,0.487,0.565,0.487,0.381,0.333,0.317,0.382,69,0.399,15.8
Matisse Thybulle,SF-SG,TOT,0.533,0.642,0.343,0.333,,0.365,0.375,71,0.435,15.5
Matisse Thybulle,SF,PHI,0.547,0.647,0.389,0,,0.333,0.313,49,0.431,14.9
Matisse Thybulle,SG,POR,0.519,0.636,0.294,0.5,,0.388,0.425,22,0.438,16
Xavier Tillman,C,MEM,0.632,0.753,0.516,0.441,0.25,0.267,0.125,61,0.614,5.5
Isaiah Todd,PF,WAS,0.222,0,0.286,,0,0.1,0,6,0.158,17.1
Obi Toppin,PF,NYK,0.593,0.736,0.25,0.125,0.667,0.344,0.353,67,0.446,16
Juan Toscano-Anderson,SF,TOT,0.56,0.667,0.5,0.333,0.6,0.186,0.2,52,0.448,11.2
Juan Toscano-Anderson,SF,LAL,0.63,0.864,0.421,0,0.667,0.2,0.286,30,0.5,11.1
Juan Toscano-Anderson,SF,UTA,0.5,0.45,0.56,0.429,0.5,0.174,0.154,22,0.403,11.3
Karl-Anthony Towns,PF,MIN,0.576,0.791,0.48,0.333,0.552,0.366,0.176,29,0.495,14
Gary Trent Jr.,SG,TOR,0.493,0.704,0.475,0.455,0.364,0.369,0.291,66,0.433,17.6
P.J. Tucker,PF,PHI,0.482,0.487,0.441,0.5,0.75,0.393,0.398,75,0.427,16.5
Myles Turner,C,IND,0.638,0.778,0.516,0.615,0.286,0.373,0.458,62,0.548,12.2
Stanley Umude,SG,DET,,,,,,0,0,1,0,24.8
Jonas Valanciunas,C,NOP,0.577,0.725,0.494,0.44,0.313,0.349,0.2,79,0.547,8.1
Jarred Vanderbilt,PF,TOT,0.604,0.718,0.449,0.214,0.75,0.322,0.354,78,0.548,7.7
Jarred Vanderbilt,PF,UTA,0.606,0.755,0.444,0.231,0.667,0.333,0.373,52,0.556,7.8
Jarred Vanderbilt,PF,LAL,0.598,0.649,0.464,0,1,0.303,0.321,26,0.529,7.4
Fred VanVleet,PG,TOR,0.455,0.586,0.375,0.398,0.455,0.342,0.431,69,0.393,18.4
Devin Vassell,SG,SAS,0.48,0.643,0.333,0.41,0.489,0.387,0.477,38,0.439,17.6
Gabe Vincent,PG,MIA,0.512,0.547,0.462,0.44,0.657,0.334,0.381,68,0.402,18.7
Noah Vonleh,C,BOS,0.5,0.727,0.143,0.5,,0.25,0.333,23,0.458,6.8
Nikola Vucevic,C,CHI,0.594,0.704,0.601,0.462,0.456,0.349,0.465,82,0.52,12.8
Dean Wade,PF,CLE,0.56,0.759,0.364,0.25,0,0.354,0.404,44,0.412,19
Franz Wagner,SF,ORL,0.544,0.728,0.42,0.414,0.447,0.361,0.435,80,0.485,12
Moritz Wagner,C,ORL,0.631,0.733,0.453,0.333,0.4,0.313,0.31,57,0.5,12.2
Ish Wainright,SF,PHX,0.5,0.529,0.471,0.5,0,0.329,0.337,60,0.37,19.8
Jabari Walker,SF,POR,0.472,0.6,0.256,0.357,0.444,0.286,0.154,56,0.419,10.5
Kemba Walker,PG,DAL,0.586,0.583,0.571,0.6,0.6,0.25,0,9,0.421,16.5
Lonnie Walker IV,SG,LAL,0.522,0.699,0.404,0.345,0.489,0.365,0.412,56,0.448,15.7
John Wall,PG,LAC,0.459,0.597,0.466,0.37,0.316,0.303,0.273,34,0.408,14.5
T.J. Warren,PF-SF,TOT,0.542,0.714,0.471,0.484,0.586,0.328,0.296,42,0.489,13
T.J. Warren,PF,BKN,0.566,0.833,0.44,0.529,0.571,0.333,0.235,26,0.51,12.9
T.J. Warren,SF,PHX,0.471,0.417,0.556,0.308,0.625,0.316,0.4,16,0.429,13.3
Duane Washington Jr.,SG,PHX,0.372,0.467,0.333,0.353,0.367,0.36,0.333,31,0.367,16.8
P.J. Washington,PF,CHA,0.518,0.691,0.451,0.424,0.317,0.348,0.351,73,0.444,14.8
TyTy Washington Jr.,PG,HOU,0.488,0.444,0.5,0.517,0.375,0.238,0.316,31,0.363,17.5
Yuta Watanabe,SF,BKN,0.557,0.769,0.281,0.25,0.444,0.444,0.514,58,0.491,16.4
Lindy Waters III,SG,OKC,0.75,0.727,0.5,1,1,0.358,0.5,41,0.393,23.8
Trendon Watford,PF,POR,0.602,0.676,0.545,0.462,0.5,0.391,0.25,62,0.56,8.8
Peyton Watson,SG,DEN,0.511,0.722,0.348,0.5,,0.429,0.5,23,0.492,9.3
Blake Wesley,SG,SAS,0.301,0.517,0.14,0.222,0.192,0.385,0.5,37,0.321,11.8
Russell Westbrook,PG,TOT,0.487,0.632,0.379,0.461,0.257,0.311,0.231,73,0.436,11.8
Russell Westbrook,PG,LAL,0.467,0.624,0.333,0.414,0.288,0.296,0.243,52,0.417,11.7
Russell Westbrook,PG,LAC,0.54,0.658,0.508,0.563,0.182,0.356,0.214,21,0.489,11.8
Coby White,SG,CHI,0.54,0.672,0.386,0.465,0.419,0.372,0.412,74,0.443,17.8
Derrick White,SG,BOS,0.548,0.72,0.469,0.517,0.333,0.381,0.387,82,0.462,15.9
Jack White,SF,DEN,0.5,0.5,0.5,,,0.333,0.333,17,0.421,12.8
Joe Wieskamp,SF,TOR,0,0,,,,0.25,0.286,9,0.214,20.9
Aaron Wiggins,SG,OKC,0.573,0.705,0.396,0.4,0,0.393,0.286,70,0.512,10.6
Andrew Wiggins,SF,GSW,0.53,0.711,0.504,0.378,0.418,0.396,0.356,37,0.473,15.4
Lindell Wigginton,PG,MIL,0.632,0.857,0.429,0.5,0.667,0.333,0.5,7,0.486,16.1
Alondes Williams,SG,BKN,,,,,,,,1,,
Donovan Williams,SG,ATL,0.667,1,0.5,,,0,0,2,0.4,12.1
Grant Williams,PF,BOS,0.546,0.738,0.468,0.364,0.333,0.395,0.421,79,0.454,17.2
Jalen Williams,SG,OKC,0.579,0.726,0.436,0.448,0.351,0.356,0.367,75,0.521,10.4
Jaylin Williams,C,OKC,0.463,0.667,0.2,0.32,0.688,0.407,0.556,49,0.436,16.2
Jeenathan Williams,SG,POR,0.677,0.792,0.333,,0,0.375,0.5,5,0.615,7.2
Kenrich Williams,PF,OKC,0.608,0.718,0.51,0.452,0.5,0.373,0.413,53,0.517,13.4
Mark Williams,C,CHA,0.637,0.751,0.388,0.417,0.667,,,43,0.637,3.1
Patrick Williams,PF,CHI,0.498,0.64,0.316,0.432,0.412,0.415,0.463,82,0.464,14.6
Robert Williams,C,BOS,0.751,0.879,0.489,0.5,0,0,0,35,0.747,3
Vince Williams Jr.,SG,MEM,0.667,0.7,0.5,,,0.143,0.091,15,0.3,17.8
Ziaire Williams,SF,MEM,0.596,0.776,0.381,0.5,0.333,0.258,0.286,37,0.429,15.6
Zion Williamson,PF,NOP,0.618,0.721,0.438,0.5,0,0.368,,29,0.608,4.1
Dylan Windler,SF,CLE,1,1,,,,0.5,1,3,0.667,17.4
Justise Winslow,PF,POR,0.438,0.551,0.386,0.286,0.167,0.311,0.3,29,0.409,9.8
James Wiseman,C,TOT,0.58,0.742,0.536,0.31,0.263,0.2,0,45,0.558,6.4
James Wiseman,C,GSW,0.63,0.795,0.629,0.25,0.333,0.5,,21,0.628,5.9
James Wiseman,C,DET,0.559,0.718,0.505,0.353,0.231,0.167,0,24,0.531,6.6
Christian Wood,C,DAL,0.594,0.697,0.569,0.417,0.354,0.376,0.326,67,0.515,12.8
Delon Wright,PG,WAS,0.564,0.842,0.391,0.444,0.7,0.345,0.345,50,0.474,14.4
McKinley Wright IV,PG,DAL,0.529,0.591,0.615,0.4,0.286,0.321,0.286,27,0.469,12.7
Gabe York,SG,IND,0.667,0.667,,,,0.333,0.6,3,0.381,22
Thaddeus Young,PF,TOR,0.622,0.806,0.494,0.25,0.667,0.176,0.208,54,0.545,7.9
Trae Young,PG,ATL,0.476,0.546,0.426,0.527,0.409,0.335,0.304,73,0.429,14.9
Omer Yurtseven,C,MIA,0.65,0.667,0.667,0.5,,0.429,0.5,9,0.593,10.3
Cody Zeller,C,MIA,0.649,0.735,0.571,1,0,0,0,15,0.627,4.4
Ivica Zubac,C,LAC,0.637,0.702,0.546,0.455,0.5,0,,76,0.634,3.3
